<?xml version="1.0" encoding="UTF-8"?>
<ResourceCollection>
    <Resource>
        <Title>Overlooked: Black History Month</Title>
        <Description>&lt;i&gt;The New York Times&lt;/i&gt; has been publishing obituaries for women of historical importance whose deaths the newspaper had neglected to commemorate. This project, entitled Overlooked (featured in the 3-16-2018 &lt;i&gt;Scout Report&lt;/i&gt;), was added as a special edition in honor of Black History Month. This collection, published on January 31, 2019, &quot;highlights a prominent group of black men and women whose lives we did not examine at the time of their deaths.&quot; In one obituary, Tanisha C. Ford writes about fashion designer Zelda Wynn Valdes, who began her career in the Jim Crow era and, after opening her own boutique in New York City, dressed socialites and stars such as Ella Fitzgerald, Eartha Kitt, and Marlene Dietrich. In another obituary, Wil Haygood writes about celebrated ragtime pianist Scott Joplin, whose iconic piece &quot;The Entertainer&quot; is instantly recognizable today and who was posthumously awarded a Pulitzer Prize for his music in 1976, nearly six decades after his death. Other remarkable people featured in this special edition include filmmaker Oscar Micheaux, abolitionist Mary Ellen Pleasant, and inventor Granville T. Woods. Readers are also invited to nominate candidates for future Overlooked obituaries.  [--SAMPLE RECORD--]</Description>
        <Url>https://www.nytimes.com/interactive/2019/obituaries/black-history-month-overlooked.html</Url>
        <Publisher>New York Times Company</Publisher>
        <Classification>African Americans -- Obituaries</Classification>
        <DateIssued>2019-01-31</DateIssued>
        <ResourceType>Collection</ResourceType>
        <ResourceType>Text</ResourceType>
        <ResourceType>Image</ResourceType>
        <Format>html</Format>
        <Language>English</Language>
        <Source>The Scout Report: Volume 25, Number 22 (May 31, 2019)</Source>
        <Screenshot>
            <image>
                <file>data/images/Overlooked_Black_History_Month.jpg</file>
                <alttext></alttext>
            </image>
        </Screenshot>
    </Resource>
    <Resource>
        <Title>NPR's Book Concierge: Our Guide to 2018's Great Reads</Title>
        <Description>Wondering what book to read next or gift someone with? NPR's Book Concierge may be able to offer some inspiration. Now in its sixth year, this interactive guide offers readers a curated, highly visual selection of more than 300 books published in 2018 and &quot;recommended by NPR hosts, critics, reporters, and producers.&quot; Designed by NPR Visuals to &quot;be more Venn diagram-y than list-y,&quot; the Book Concierge allows visitors to filter the recommendations by multiple categories simultaneously. For example, selecting the two categories Biography &amp; Memoir and Seriously Good Writing brings up such results as &lt;i&gt;Split Tooth&lt;/i&gt; by Inuit musician Tanya Tagaq and &lt;i&gt;In Pieces&lt;/i&gt; by award-winning actress Sally Field. By default, the Book Concierge displays its results as tiled book covers, but readers who prefer a simple list view may choose that option. Clicking a specific book leads to a brief, spoiler-free description from its recommender, as well as links to its reviews or coverage by NPR or member stations when applicable. Those interested in seeing NPR's book picks from previous years will find links to ten years' worth of recommendations in the left sidebar.  [--SAMPLE RECORD--]</Description>
        <Url>https://apps.npr.org/best-books-2018/</Url>
        <Publisher>National Public Radio (U.S.)</Publisher>
        <Classification>Books and reading</Classification>
        <DateIssued>2018-11-27</DateIssued>
        <ResourceType>Text</ResourceType>
        <Format>html</Format>
        <Format>Java</Format>
        <Language>English</Language>
        <Source>The Scout Report: Volume 25, Number 22 (May 31, 2019)</Source>
        <Screenshot>
            <image>
                <file>data/images/NPR_Guide_to_2018s_Great_Reads.jpg</file>
                <alttext></alttext>
            </image>
        </Screenshot>
    </Resource>
    <Resource>
        <Title>Native Land</Title>
        <Description>Readers interested in the Indigenous histories of North America and beyond may enjoy exploring Native Land, an ongoing interactive mapping project that attempts to outline ancestral Indigenous territories. Here, visitors will find a colorful map multilayered with depictions of where different Indigenous peoples historically lived. Users can browse the map itself or search for a particular postal code to see whose territories that location falls within, and clicking on a given territory shows the names of the native people(s) and cession treaties associated with that place with links to sources included. Launched in 2015, Native Land is the brainchild and passion project of Victor Temprano, a web developer based in Vancouver and self-described &quot;settler.&quot; Temprano, who freely acknowledges his map's shortcomings, created Native Land in the hopes of &quot;helping people get interested and engaged&quot; with this topic, and states that he is &quot;concerned about many of the issues raised by using maps and colonial ways of thinking when it comes to maps.&quot; The project's blog provides insight into the methodologies behind Native Land and its future directions, and the teacher's guide page offers advice for thinking critically about this map along with links to further reading.  [--SAMPLE RECORD--]</Description>
        <Url>https://native-land.ca/</Url>
        <Publisher>Native Land</Publisher>
        <Classification>Indigenous peoples -- Land tenure -- Maps</Classification>
        <ResourceType>Dataset</ResourceType>
        <ResourceType>InteractiveResource</ResourceType>
        <Format>html</Format>
        <Format>Java</Format>
        <Language>English</Language>
        <Language>French</Language>
        <Language>Spanish</Language>
        <Language>Pαnawαhpskewi-Alαtəwéwαkan</Language>
        <Language>Kamëntšá Biya</Language>
        <Source>The Scout Report: Volume 25, Number 22 (May 31, 2019)</Source>
        <Screenshot>
            <image>
                <file>data/images/Native_Land.jpg</file>
                <alttext></alttext>
            </image>
        </Screenshot>
    </Resource>
    <Resource>
        <Title>National Center on Accessible Educational Materials</Title>
        <Description>The National Center on Accessible Educational Materials (AEM Center) is a nonprofit initiative that &quot;provide[s] resources and technical assistance for educators, parents, students, publishers, conversion houses, accessible media producers, and others interested in learning more about AEM.&quot; Here, readers will find a wealth of well-organized information and resources for accessible education. Those new to AEM should start with the About AEM section, which contains introductory materials such as quick start guides organized by audience. Parents and educators should check out the Supporting Learners section, where they will find information organized by age group, beginning with early learning and ranging through workforce development resources for adults, as well as a directory of AEM contacts for each state. Additionally, the Navigating AEM section provides helpful overviews of the many AEM options available. Those interested can also subscribe to the AEM Connector, a quarterly email newsletter &quot;highlighting the best and brightest resources, products, and services from the AEM Center and from our partners and colleagues in the field.&quot; The AEM Center is led by the Center for Applied Special Technology, an independent, nonprofit education research and development organization in Massachusetts that focuses on Universal Design for Learning.  [--SAMPLE RECORD--]</Description>
        <Url>http://aem.cast.org/</Url>
        <Publisher>CAST, Inc.</Publisher>
        <Classification>Barrier-free design</Classification>
        <Classification>Education -- Information resources</Classification>
        <ResourceType>Collection</ResourceType>
        <ResourceType>Text</ResourceType>
        <Format>html</Format>
        <Language>English</Language>
        <Source>The Scout Report: Volume 25, Number 22 (May 31, 2019)</Source>
        <Screenshot>
            <image>
                <file>data/images/National_Center_on_Accessible_Educational_Materials.jpg</file>
                <alttext></alttext>
            </image>
        </Screenshot>
    </Resource>
    <Resource>
        <Title>Internet Archive: Films from 1923</Title>
        <Description>Readers wondering where they might find some of the films that recently entered the public domain under US copyright law should take a look at the Internet Archive's movie collection. At the link above, visitors can watch and download several dozen full-length feature films from 1923, the publication year that recently became public domain in the US. This collection includes such films as Cecil B. DeMille's lesser-known silent version of &lt;i&gt;The Ten Commandments&lt;/i&gt;, the classic &lt;i&gt;The Hunchback of Notre Dame&lt;/i&gt; starring Lon Chaney and directed by Wallace Worsley, and Alla Nazimova's avant-garde adaptation of Oscar Wilde's play &lt;i&gt;Salome&lt;/i&gt;, as well as several of Otto Messmer's early Felix the Cat cartoons. Although films from this time had no audible dialogue, some in this collection include music. Visitors may use the search bar and filters on the left to further explore the Internet Archive's movie collections, and the entire site is bursting with other content to explore as well.  [--SAMPLE RECORD--]</Description>
        <Url>https://archive.org/details/moviesandfilms?&amp;and[]=year%3A%221923%22</Url>
        <Publisher>Internet Archive (Firm)</Publisher>
        <Classification>Motion pictures -- Archives</Classification>
        <ResourceType>Collection</ResourceType>
        <ResourceType>MovingImage</ResourceType>
        <Format>html</Format>
        <Language>English</Language>
        <Source>The Scout Report: Volume 25, Number 22 (May 31, 2019)</Source>
        <Screenshot>
            <image>
                <file>data/images/Internet_Archive_Films_from_1923.jpg</file>
                <alttext></alttext>
            </image>
        </Screenshot>
    </Resource>
    <Resource>
        <Title>DPLA: Open Bookshelf</Title>
        <Description>On June 21, 2018, the Digital Public Library of America (DPLA) introduced Open Bookshelf, a one-stop shop for hundreds of e-books that are freely available online. This collection, which currently features over 1,000 books, includes titles that are in the public domain along with titles that are Creative Commons licensed. These titles are selected by the Curation Corps, a team of librarians from across the country that includes public, school, and academic librarians. The books available on Open Bookshelf reflect the diversity of the Curation Corps: the collection features classical literature (including &lt;i&gt;Pride and Prejudice&lt;/i&gt; and &lt;i&gt;Little Women&lt;/i&gt;), textbooks, academic titles, and children's books. Visitors may browse this collection by language or genre (e.g. science fiction, education &amp; study aids, and computers). Individual users can access Open Bookshelf through SimplyE, a free mobile application. Open Bookshelf is also available to participating libraries through the DPLA Exchange.  [--SAMPLE RECORD--]</Description>
        <Url>https://pro.dp.la/ebooks/open-bookshelf</Url>
        <Publisher>Digital Public Library of America</Publisher>
        <Classification>Electronic books</Classification>
        <Classification>Literature -- Information resources</Classification>
        <DateIssued>2018-06-21</DateIssued>
        <ResourceType>Software</ResourceType>
        <ResourceType>Text</ResourceType>
        <Format>html</Format>
        <Language>English</Language>
        <Source>The Scout Report: Volume 25, Number 22 (May 31, 2019)</Source>
        <Screenshot>
            <image>
                <file>data/images/DPLA_Open_Bookshelf.jpg</file>
                <alttext></alttext>
            </image>
        </Screenshot>
    </Resource>
    <Resource>
        <Title>Crash Course: Navigating Digital Information</Title>
        <Description>The internet has become an integral part of contemporary life in many parts of the world. With this technology has come access to information, often in overwhelming quantities and of dubious quality. How can you sort out fact from fiction online and avoid (or correct) bad internet habits? Navigating Digital Information, a Crash Course video series hosted by John Green offers viewers practical strategies for these and other digital literacy topics. In ten engaging episodes, each approximately fifteen minutes long, this series teaches valuable skills and techniques for evaluating online information in a way that helps viewers become more critically conscious of the digital material they consume. All who use the internet could likely benefit from this course because, as Green notes in the series preview, &quot;Everyone is susceptible to being misled online, and anyone who believes themselves to be somehow immune to misinformation is, in fact, especially susceptible to it.&quot; This series will be of value to educators, students, and the general public alike. Launched in March 2019, Navigating Digital Information was produced as part of the MediaWise initiative, a project of the Poynter Institute, in partnership with the Stanford History Education Group with funding from Google.  [--SAMPLE RECORD--]</Description>
        <Url>https://www.youtube.com/playlist?list=PL8dPuuaLjXtN07XYqqWSKpPrtNDiCHTzU</Url>
        <Publisher>Crash Course</Publisher>
        <Classification>Computer literacy -- Video catalogs</Classification>
        <ResourceType>Collection</ResourceType>
        <ResourceType>MovingImage</ResourceType>
        <Format>html</Format>
        <Format>html5</Format>
        <Language>English</Language>
        <Source>The Scout Report: Volume 25, Number 22 (May 31, 2019)</Source>
        <Screenshot>
            <image>
                <file>data/images/Crash_Course_Navigating_Digital_Information.jpg</file>
                <alttext></alttext>
            </image>
        </Screenshot>
    </Resource>
    <Resource>
        <Title>We Need Diverse Books</Title>
        <Description>In 2014, young adult fiction writer Malinda Lo penned an essay called &quot;Book Challenges Suppress Diversity.&quot; Drawing on the ALA's annual list of the most frequently challenged books, Lo demonstrated that &quot;over half of the Top 100 Banned/Challenged Books from 2000-2009 addressed issues about race, sexuality and/or disability; or were about non-white, LGBTQ and/or disabled characters.&quot; We Need Diverse Books, part of the Banned Books Week Coalition, is a grassroots organization that aims to promote diversity and representation in young adult literature. The group defines diversity as &quot;including (but not limited to) LGBTQIA, people of color, gender diversity, people with disabilities, and ethnic, cultural, and religious minorities.&quot; The organization's tumblr, which collects articles and reviews from around the web, provides an excellent way for readers, educators, librarians, youth workers, and caretakers to find books that are by diverse authors or feature diverse characters and topics. A few past posts include a profile of author Linda Sue Park for Kirkus Reviews; a story about the the first ever Well-Read Black Girl Festival that originally appeared in &lt;i&gt;Electric Lit&lt;/i&gt;; and a story from &lt;i&gt;Indian Country Today&lt;/i&gt; about Kinsale Hueston, a Navajo high school student who was named one of five National Student Poets.  [--SAMPLE RECORD--]</Description>
        <Url>https://weneeddiversebooks.tumblr.com/#_=_</Url>
        <Publisher>We Need Diverse Books</Publisher>
        <Classification>Prohibited books</Classification>
        <Classification>Multiculturalism in literature</Classification>
        <ResourceType>Collection</ResourceType>
        <Format>html</Format>
        <Language>English</Language>
        <Source>The Scout Report: Volume 24, Number 21 (May 25, 2018)</Source>
        <Screenshot>
            <image>
                <file>data/images/We_Need_Diverse_Books.jpg</file>
                <alttext></alttext>
            </image>
        </Screenshot>
    </Resource>
    <Resource>
        <Title>The World in Ten Blocks</Title>
        <Description>Released in 2015, &lt;i&gt;The World in Ten Blocks&lt;/i&gt; is the title of both an interactive, online documentary and a film dedicated to a single ten-block stretch of Bloor Street in Toronto, Ontario, Canada. The project was created by filmmakers Marc Serpa Francoeur and Robinder Uppal of Lost Time Media and is presented in partnership with &lt;i&gt;The Globe and Mail&lt;/i&gt;. Why did the pair choose to focus on this single area (known as Bloorcourt) in Toronto? As this website notes, Bloorcourt is one of the most multicultural neighborhoods in the capital of Ontario. In the interactive documentary that is available on the homepage of the site, visitors are invited to take a virtual tour of Bloorcourt (complete with 360-degree cameras and captions about the history of significant buildings) and &quot;meet&quot; ten business owners in Bloorcourt through a series of powerful story maps. Each of these story maps incorporates photographs and filmed interviews. Through these interviews, viewers meet a variety of people who immigrated to Toronto and became entrepreneurs, lending to the diverse and pluralistic character that defines the city.  [--SAMPLE RECORD--]</Description>
        <Url>https://theworldintenblocks.com/</Url>
        <Creator>Francoeur, Marc Serpa</Creator>
        <Creator>Uppal, Robinder</Creator>
        <Publisher>Lost Time Media</Publisher>
        <Classification>Emigration and immigration -- Economic aspects</Classification>
        <DateIssued>2015</DateIssued>
        <ResourceType>InteractiveResource</ResourceType>
        <ResourceType>MovingImage</ResourceType>
        <Format>html</Format>
        <Format>html5</Format>
        <Language>English</Language>
        <Source>The Scout Report: Volume 24, Number 21 (May 25, 2018)</Source>
        <Screenshot>
            <image>
                <file>data/images/The_World_in_Ten_Blocks.jpg</file>
                <alttext></alttext>
            </image>
        </Screenshot>
    </Resource>
    <Resource>
        <Title>Map of Life</Title>
        <Description>Map of Life, a non-profit organization founded in 2012 by Yale University and the University of Florida, allows visitors to explore data about the relationships between biodiversity and geography through a series of highly-engaging and informative interactive maps. Headed by Yale University ecology and evolutionary biology professor Walter Jetz, the Map of Life is the work of a large team of scientists and software engineers from Yale, the University of Florida, and other educational institutions. The project utilizes biodiversity data from a variety of sources, including the Global Biodiversity Information Facility (GBIF), the International Union for the Conservation of Nature (IUCN), and the World Wildlife Fund (WWF). Users can explore this data in four different ways. In the map species section, visitors can view maps that outline where they can expect to find a specific species around the world. The species by location section allows visitors to explore species data by country. Finally, the indicators section (as of this write-up, in beta) allow visitors to examine current coverage (and gaps in coverage) of biodiversity data and to compare species diversity around the world. Researchers who are interested in viewing the original datasets may do so via the datasets section.   [--SAMPLE RECORD--]</Description>
        <Url>https://mol.org</Url>
        <Publisher>Map of Life</Publisher>
        <Classification>Biodiversity -- Maps</Classification>
        <ResourceType>InteractiveResource</ResourceType>
        <Format>html</Format>
        <Language>English</Language>
        <Source>The Scout Report: Volume 24, Number 21 (May 25, 2018)</Source>
        <Screenshot>
            <image>
                <file>data/images/Map_of_Life.jpg</file>
                <alttext></alttext>
            </image>
        </Screenshot>
    </Resource>
    <Resource>
        <Title>Library Extension</Title>
        <Description>Library Extension detects when you're viewing a book or ebook on a site like Amazon or Goodreads and adds a box showing the availability of that item in your local library. If you have access to more than one local library, it is able to check all of them. When an item is available from your library, Library Extension will also include a link allowing you to reserve it. Library Extension integrates with over 4,000 local libraries. Users can request support for additional libraries with a simple contact form. Users do not need to register for any additional accounts to use Library Extension.  [--SAMPLE RECORD--]</Description>
        <Url>https://www.libraryextension.com</Url>
        <Publisher>Quotidian, LLC</Publisher>
        <Classification>Library browsing -- Software</Classification>
        <ResourceType>Software</ResourceType>
        <Format>html</Format>
        <Language>English</Language>
        <Source>The Scout Report: Volume 24, Number 21 (May 25, 2018)</Source>
        <Screenshot>
            <image>
                <file>data/images/Library_Extension.jpg</file>
                <alttext></alttext>
            </image>
        </Screenshot>
    </Resource>
    <Resource>
        <Title>Internet Archive: 78rpm Records Digitized by George Blood, L.P.</Title>
        <Description>The Internet Archive recently unveiled this digitized collection of over 25,000 recordings from 78rpm records. First introduced in 1898, 78 revolutions per minute (rpm) records were especially popular between 1920 and the late 1950s and continued to be produced as late as the 1970s. This collection provides a glimpse into a range of music produced throughout the twentieth century, including big band music, polka, gospel, country western, blues, novelty tunes, and much more. Visitors are invited to browse this collection by year (the earliest two records in this collection are George P. Watson's &quot;Sleep Baby Sleep&quot; and &quot;Medley of Emmett's Yodels&quot; from the year 1902), topics &amp; subjects, collection, creator, or language. This collection includes both well-remembered classics by artists such as Bing Crosby, Count Basie, and Judy Garland, as well as a number of more obscure records. There are also a few non-musical recordings, such as Yiddish language lessons and President Franklin Delano Roosevelt addressing Congress in 1942.  [--SAMPLE RECORD--]</Description>
        <Url>https://archive.org/details/georgeblood</Url>
        <Publisher>Internet Archive (Firm)</Publisher>
        <Classification>Sound recordings -- Databases</Classification>
        <ResourceType>Sound</ResourceType>
        <ResourceType>Collection</ResourceType>
        <Format>html</Format>
        <Format>mp3</Format>
        <Format>flac</Format>
        <Language>English</Language>
        <Source>The Scout Report: Volume 24, Number 21 (May 25, 2018)</Source>
        <Screenshot>
            <image>
                <file>data/images/Internet_Archive_78rpm_Records.jpg</file>
                <alttext></alttext>
            </image>
        </Screenshot>
    </Resource>
    <Resource>
        <Title>Five Books</Title>
        <Description>What are the five best books to read if you want to learn more about Henry VIII? Which five books exemplify the best of comic writing? What about the five best contemporary Scandinavian novels? Five Books has a simple premise: &quot;We ask experts to recommend the best five books in their subject and explain their selection in an interview.&quot; The project is based in London and features a U.S. editor; thus, most (but not all) interview participants hail from these countries. Interviewees include authors, academics, entertainers, and public intellectuals. New interviews are released twice a week. Visitors can check out the latest and most recent interviews on the site's homepage and browse previous interviews by subject tags. While those looking for a new read or hoping to brush up on a particular subject or genre may be most attracted to the lists on this page, the interviews also offer an opportunity for readers to learn more about a variety of writers and thinkers.  [--SAMPLE RECORD--]</Description>
        <Url>https://fivebooks.com</Url>
        <Publisher>Five Books</Publisher>
        <Classification>Best books</Classification>
        <ResourceType>Collection</ResourceType>
        <ResourceType>Text</ResourceType>
        <Format>html</Format>
        <Language>English</Language>
        <Source>The Scout Report: Volume 24, Number 21 (May 25, 2018)</Source>
        <Screenshot>
            <image>
                <file>data/images/Five_Books.jpg</file>
                <alttext></alttext>
            </image>
        </Screenshot>
    </Resource>
    <Resource>
        <Title>Cooper Hewitt Museum</Title>
        <Description>Warning - this site is seriously fun! The Cooper Hewitt has placed digital representations of its &quot;diverse collection spanning thirty centuries of historic and contemporary design&quot; on its website and there are some interesting ways to search. For starters, it's possible to search by color. This is because digital images showing collection objects have been cataloged by color, assigned by automated scanning that &quot;averages&quot; an object's colors. The resulting averaged colors are in turn mapped to the system of specifying color by alphanumeric codes that's used in web design, thus creating searchable colors for the collection. For example, clicking the swatch labeled Firebrick, hexcode #b22222, retrieves 318 objects such as a playing card, the 7 of hearts; a Fiestaware teacup dating from 1936; a 1973 political poster, &quot;Down with the Chilean Dictatorship&quot;; or a mid-twentieth century Italian glass bowl with deep red stripes. Other ways to search include by country, department, people, or within publications. There's also a search by highlights of the collection: architect's eye, designs for automobiles, designs for interiors, psychedelic posters, and more. Keyword searches are also possible - try Eames.  [--SAMPLE RECORD--]</Description>
        <Url>https://collection.cooperhewitt.org</Url>
        <Publisher>Cooper-Hewitt Museum</Publisher>
        <Classification>Design -- Databases</Classification>
        <ResourceType>Collection</ResourceType>
        <ResourceType>InteractiveResource</ResourceType>
        <Format>html</Format>
        <Language>English</Language>
        <Source>The Scout Report: Volume 24, Number 21 (May 25, 2018)</Source>
        <Screenshot>
            <image>
                <file>data/images/Cooper_Hewitt_Museum.jpg</file>
                <alttext></alttext>
            </image>
        </Screenshot>
    </Resource>
    <Resource>
        <Title>Cities at Night</Title>
        <Description>Astronauts on board the International Space Station (ISS) take hundreds of night-time pictures each year of cities around the globe. Cities at Night is a &quot;citizen science project that aims to create a map, similar to Google maps, of the Earth at night using night-time color photographs taken by astronauts onboard the ISS.&quot; As the project team explains, human expertise is more effective at classifying and geo-referencing these photos than an algorithm. In the Maps section of this website, visitors can help the project team with these processes via a series of links (dark skies, lost at night, and night cities). In addition, this section contains photographs that have already been classified and geo-referenced by previous users, which are organized via a series of maps. The Cities at Night project is intended to collect information about light pollution: an issue that visitors may learn more about via the light pollution and research tabs, respectively.  [--SAMPLE RECORD--]</Description>
        <Url>https://citiesatnight.org/</Url>
        <Publisher>Cities at Night</Publisher>
        <Classification>Light pollution</Classification>
        <Classification>Earth (Planet) -- Photographs from space</Classification>
        <ResourceType>InteractiveResource</ResourceType>
        <ResourceType>Dataset</ResourceType>
        <ResourceType>Image</ResourceType>
        <Format>html</Format>
        <Language>English</Language>
        <Language>Dutch</Language>
        <Language>Spanish</Language>
        <Source>The Scout Report: Volume 24, Number 21 (May 25, 2018)</Source>
        <Screenshot>
            <image>
                <file>data/images/Cities_at_Night.jpg</file>
                <alttext></alttext>
            </image>
        </Screenshot>
    </Resource>
    <Resource>
        <Title>Wikiverse</Title>
        <Description>Wikiverse is a tool that provides users with a whole new way to browse Wikipedia and explore topics of interest. Created by data visualization engineer, Owen Cornec, Wikiverse allows visitors to visualize and explore links between Wikipedia subjects. The size of the Wikiverse can be controlled by the user, allowing users to explore either one, two, or five percent of Wikipedia. From here, users can explore any topic and see how this topic is linked to others. A list of related topics will appear on the right hand side of the site, or visitors can view the topic as a star in a three-dimensional galaxy. Related topics appear close by and are arranged into clusters, such as Art, Biology, or Geography. As visitors click on stars, full definitions and additional links appear on the left-hand side of the screen. Wikiverse provides a riveting experience, and highlights the interconnections between topics that, at first blush, seem entirely unrelated.  [--SAMPLE RECORD--]</Description>
        <Url>http://wikiverse.io</Url>
        <Creator>Cornec, Owen</Creator>
        <Publisher>Wikiverse</Publisher>
        <Classification>Wikis (Computer science) -- Software</Classification>
        <DateIssued>2016</DateIssued>
        <ResourceType>InteractiveResource</ResourceType>
        <Format>html</Format>
        <Format>Java</Format>
        <Language>English</Language>
        <Source>The Scout Report: Volume 23, Number 21 (May 26, 2017)</Source>
        <Screenshot>
            <image>
                <file>data/images/Wikiverse.jpg</file>
                <alttext></alttext>
            </image>
        </Screenshot>
    </Resource>
    <Resource>
        <Title>Undark</Title>
        <Description>Undark is what the U.S. Radium Corporation named the glow-in-the-dark - and radioactive -  paint it produced for use on watches between 1917 and 1938. Hailed as a great innovation at the time, the paint tragically led to the premature deaths of many young, female factory workers, known today as the &quot;radium girls.&quot; Undark, an online publication launched by the Knight Science Journalism Program at MIT this past spring, is dedicated to producing investigative journalism related to science. The editors write, &quot;We appropriate the name [&quot;undark&quot;] as a signal to readers that our magazine will explore science not just as a 'gee-whiz' phenomenon, but as a frequently wondrous, sometimes contentious, and occasionally troubling byproduct of human culture.&quot; Edited and published by a team of prominent science writers, including Deborah Blum and Tom Zeller, Undark includes long-form investigative journalism, shorter articles, op-eds, documentaries, and news round-ups. The site has also produces a podcast, Colloquia, which accompanies longer investigative pieces. This online magazine is an especially useful source for those looking to better understand ethical debates in the scientific community.  [--SAMPLE RECORD--]</Description>
        <Url>https://undark.org</Url>
        <Publisher>Undark</Publisher>
        <Classification>Science -- Social aspects -- Periodicals</Classification>
        <ResourceType>Collection</ResourceType>
        <ResourceType>Sound</ResourceType>
        <ResourceType>Text</ResourceType>
        <Format>html</Format>
        <Language>English</Language>
        <Source>The Scout Report: Volume 23, Number 21 (May 26, 2017)</Source>
        <Screenshot>
            <image>
                <file>data/images/Undark.jpg</file>
                <alttext></alttext>
            </image>
        </Screenshot>
    </Resource>
    <Resource>
        <Title>The Public Domain Review</Title>
        <Description>Whenever any form of media is no longer protected by copyright law, it enters the public domain. The Public Domain Review is dedicated to collecting and curating this material in one place. Launched in 2011, the online journal and not-for-profit project features numerous images, complete books, audio clips, and videos. These materials range from the peculiar to the poignant, providing insight into both everyday life and extraordinary oddities. One can watch a 1916 adaptation of &lt;i&gt;20,000 Leagues Under the Sea&lt;/i&gt; (the first movie filmed underwater), view a gallery of beards, or read Queen Victoria's teenaged diary. Yet, The Public Domain Review offers more than a collection of intriguing ephemera. The project also publishes long-form essays that contextualize and analyze public domain material. In addition, the site features a monthly Curator's Choice series, where curators from around the world share public domain material from their institution's collections. Interested readers may subscribe to an email Newsletter to receive bi-weekly notifications about the latest article and the most interesting content featured in the Review.  [--SAMPLE RECORD--]</Description>
        <Url>https://publicdomainreview.org/</Url>
        <Publisher>The Public Domain Review</Publisher>
        <Classification>Literature -- Information resources</Classification>
        <ResourceType>Collection</ResourceType>
        <ResourceType>Image</ResourceType>
        <ResourceType>Text</ResourceType>
        <Format>html</Format>
        <Language>English</Language>
        <Source>The Scout Report: Volume 23, Number 21 (May 26, 2017)</Source>
        <Screenshot>
            <image>
                <file>data/images/The_Public_Domain_Review.jpg</file>
                <alttext></alttext>
            </image>
        </Screenshot>
    </Resource>
    <Resource>
        <Title>Museum of Obsolete Media</Title>
        <Description>Over the past century and a half, the introduction of new technologies has dramatically changed the ways that sound, moving images, and data are recorded. These changes have rendered a number of objects and devices obsolete, from the Ambrotype (a photographic technique used between 1855 and 1865) to Little Marvel Records (a distinctive type of record sold only in Woolworth's Department stores between 1921 and 1922) to the Dragon 32 home computer (sold in Wales between 1982 and 1984). The Museum of Obsolete Media, curated by UK-based librarian Jason Curtis, highlights such materials via four collections: Audio Formats, Video Formats, Data Formats, and Film Formats. Within each collection, visitors may view photographs of dozens of obsolete media items. Each item is accompanied by an image and a brief description of its production, use, and eventual demise. Visitors may also enjoy browsing this collection by a series of Lists, which include Formats by Decade of Obsolescence, 10 Sony Formats that Failed, and 1980s Music Gallery.  [--SAMPLE RECORD--]</Description>
        <Url>https://obsoletemedia.org/</Url>
        <Publisher>Museum Of Obsolete Media</Publisher>
        <Classification>Technology -- History</Classification>
        <ResourceType>Collection</ResourceType>
        <ResourceType>PhysicalObject</ResourceType>
        <Format>html</Format>
        <Language>English</Language>
        <Source>The Scout Report: Volume 23, Number 21 (May 26, 2017)</Source>
        <Screenshot>
            <image>
                <file>data/images/Museum_of_Obsolete_Media.jpg</file>
                <alttext></alttext>
            </image>
        </Screenshot>
    </Resource>
    <Resource>
        <Title>Immigration Syllabus</Title>
        <Description>Nearly two dozen prominent history scholars have collaborated to create the Immigration Syllabus, a rich collection of resources for teaching America's immigration history. Published by the University of Minnesota (home of the Immigration History Research Center) and co-sponsored by the Immigration and Ethnic History Society, the Immigration Syllabus is a carefully curated collection of primary and secondary sources. Collectively, these resources illuminate the voluntary and forced migrations of people to the United States from the colonial era through the present day. This online syllabus is chronologically arranged into fifteen weeks, each centering on a key theme or question. Weekly themes include Why Study Immigration?; Mass Migration and the Rise of Federal Immigration Law; and Family, Gender, and Sexuality. Within each weekly section visitors will find hyperlinks to suggested readings and resources, many of which are digitized and freely available online. This collaborative project may be of special interest to history researchers and instructors working in higher education or advanced high school settings.  [--SAMPLE RECORD--]</Description>
        <Url>https://immigrationsyllabus.lib.umn.edu/</Url>
        <Publisher>University of Minnesota</Publisher>
        <Classification>United States -- Emigration and immigration -- History</Classification>
        <DateIssued>2017-01-26</DateIssued>
        <ResourceType>InteractiveResource</ResourceType>
        <ResourceType>Text</ResourceType>
        <Format>html</Format>
        <Language>English</Language>
        <Source>The Scout Report: Volume 23, Number 21 (May 26, 2017)</Source>
        <Screenshot>
            <image>
                <file>data/images/Immigration_Syllabus.jpg</file>
                <alttext></alttext>
            </image>
        </Screenshot>
    </Resource>
    <Resource>
        <Title>Global Open Data Index</Title>
        <Description>The Global Open Data Index, an initiative of Open Knowledge International, is at once an index of government open data and an assessment of these indexes. As the site notes, &quot;Each year, governments are making more data available in an open format.&quot; The Global Open Data Index tracks whether these data are released in a way that is open and accessible to citizens, the media, and the generally curious. The Index ranks countries based on the availability and accessibility of data across 13 categories (including Election Results, Government Spending, and Legislation), displaying the results in an easily navigated infographic and map. Visitors to the site may also view open datasets, when available, by following links on these graphs or by conducting a text search. This makes the Global Open Data Index an excellent one stop shop for national data. Country rankings are updated annually.  [--SAMPLE RECORD--]</Description>
        <Url>https://index.okfn.org</Url>
        <Publisher>Open Knowledge Foundation</Publisher>
        <Classification>Government information -- Indexes</Classification>
        <ResourceType>InteractiveResource</ResourceType>
        <ResourceType>Dataset</ResourceType>
        <Format>html</Format>
        <Language>English</Language>
        <Source>The Scout Report: Volume 23, Number 21 (May 26, 2017)</Source>
        <Screenshot>
            <image>
                <file>data/images/Global_Open_Data_Index.jpg</file>
                <alttext></alttext>
            </image>
        </Screenshot>
    </Resource>
    <Resource>
        <Title>Busy Beaver Button Museum</Title>
        <Description>Ever since pinback buttons were patented in 1896, buttons have been produced and worn for a plethora of reasons, from supporting a politician (e.g. the iconic I LIKE IKE buttons), to commemorating an event, to just showing off the pinner's sense of humor. The Busy Beaver Button Museum exists to document this unique item of cultural expression. Readers may visit the museum in person, in Chicago, or browse the comprehensive online collection here. Categories include Ask Me, which includes the classic &quot;Ask me about...&quot; buttons, Self Referential, which includes buttons that reference the fact that they're buttons, and Sports, Advertising, Political, Innovative, and other descriptive options. There is also a Fan Museum, which allows users to submit their own buttons, as well as browse the buttons of other fans. The News section features blog posts on the history of buttons, such as a great post on the history behind the right to vote, as depicted through buttons. Finally, readers will also find a wonderful book, A Very Brief History of Buttons, which can be viewed for free as a PDF.  [--SAMPLE RECORD--]</Description>
        <Url>https://www.buttonmuseum.org/</Url>
        <Publisher>Button Museum</Publisher>
        <Classification>Buttons -- Collectibles</Classification>
        <ResourceType>Collection</ResourceType>
        <ResourceType>Image</ResourceType>
        <Format>html</Format>
        <Language>English</Language>
        <Source>The Scout Report: Volume 23, Number 21 (May 26, 2017)</Source>
        <Screenshot>
            <image>
                <file>data/images/Busy_Beaver_Button_Museum.jpg</file>
                <alttext></alttext>
            </image>
        </Screenshot>
    </Resource>
    <Resource>
        <Title>Archaeology of the Great War</Title>
        <Description>Archaeology of the Great War is a poignant, highly interactive website exhibiting archeological discoveries from the Argonne region in eastern France, where French and German troops engaged in trench warfare during World War I. The French Ministry of Culture and Communication, in conjunction with French archeologists, archivists, and university faculty, created this website to commemorate the hundredth anniversary of the war. During the 1990s, a team of archeologists excavated the former battlefield, unearthing new clues about daily life and death during World War I. Visitors can view these archeological finds alongside archival photographs from the War. This material is helpfully organized into five chapters, which include thoughtful annotations about the significance of these discoveries. Archeology of the Great War is a powerful resource about the experiences of WWI soldiers, and also demonstrates the role of archeology in recovering new insights about the past. Note: while the text of this site is available in French, English, and German, a few embedded videos are only in French.  [--SAMPLE RECORD--]</Description>
        <Url>https://archeologie.culture.fr/archeologie1418/en</Url>
        <Publisher>Ministère de la Culture</Publisher>
        <Classification>World War, 1914-1918</Classification>
        <Classification>Excavations (Archaeology) -- Argonne (France)</Classification>
        <ResourceType>IntractiveResource</ResourceType>
        <ResourceType>Collection</ResourceType>
        <Format>html</Format>
        <Language>English</Language>
        <Language>French</Language>
        <Language>German</Language>
        <Source>The Scout Report: Volume 23, Number 21 (May 26, 2017)</Source>
        <Screenshot>
            <image>
                <file>data/images/Archaeology_of_the_Great_War.jpg</file>
                <alttext></alttext>
            </image>
        </Screenshot>
    </Resource>
    <Resource>
        <Title>#OperaBeforeInstagram</Title>
        <Description>This whimsically titled online exhibition is brought to readers by the Library of Congress. Staff at the Library mined the Charles Jahant Collection, nearly 2,000 photographs of opera singers from the nineteenth and twentieth centuries, to present &quot;a cross section of important singers who performed in the United States.&quot; Some of the opera stars were photographed in costume, while others were captured in their street clothes, making the collection of interest to opera aficionados, scholars of clothing and dress, lovers of old photography, and others. Many of the photographs are autographed to Charles Jahant. The approximately 3 dozen exhibition items have been divided into several sections for easy browsing: Operatic Singers in Formal Clothing, French Repertoire, German Repertoire, and Italian Repertoire. The images are accompanied by short IMDB style bios of the singers, for example, Helen Traubel (1899-1972), whose &quot;predilection for radio and night club appearances annoyed the Met management and ended her operatic career in 1953.&quot;  [--SAMPLE RECORD--]</Description>
        <Url>https://www.loc.gov/exhibits/opera-portraits-1890-to-1955/</Url>
        <Publisher>Library of Congress</Publisher>
        <Classification>Opera</Classification>
        <Classification>Singers -- Portraits</Classification>
        <ResourceType>StillImage</ResourceType>
        <ResourceType>Collection</ResourceType>
        <Format>html</Format>
        <Language>English</Language>
        <Source>The Scout Report: Volume 23, Number 21 (May 26, 2017)</Source>
        <Screenshot>
            <image>
                <file>data/images/Opera_Before_Instagram.jpg</file>
                <alttext></alttext>
            </image>
        </Screenshot>
    </Resource>
    <Resource>
        <Title>Yummy Math</Title>
        <Description>For educators who are continually looking for up-to-date, real-world examples of how mathematics impacts daily life, Yummy Math is a welcome ally. In fact, every article on the site seeks to link math to what is &quot;relevant to our world today.&quot; Educators can scout the site by Genres (Holidays and Annual Events, Math and Food, Math and Science, Math and Social Studies, and others), as well as by grade level. While all activities are freely accessible, some educators may select to sign up for a membership, which provides extra services, such as solutions to activities, access to a wider variety of resources, and access to teaching tips.  [--SAMPLE RECORD--]</Description>
        <Url>https://www.yummymath.com/</Url>
        <Creator>Lewis, Leslie (teacher)</Creator>
        <Creator>Marks, Brian</Creator>
        <Publisher>Yummy Math</Publisher>
        <Classification>Mathematics -- Study and teaching</Classification>
        <DateIssued>2010-03</DateIssued>
        <ResourceType>Collection</ResourceType>
        <ResourceType>InteractiveResource</ResourceType>
        <Format>html</Format>
        <Format>mp3</Format>
        <Language>English</Language>
        <Source>Best of the Scout Report 2016 (May 27, 2016)</Source>
        <Screenshot>
            <image>
                <file>data/images/Yummy_Math.jpg</file>
                <alttext></alttext>
            </image>
        </Screenshot>
    </Resource>
    <Resource>
        <Title>ScienceBlogs</Title>
        <Description>This virtual warehouse of science-related blogs covers a staggering range of topics, from health habits to exoplanets. Readers may like to scout the site by subjects, which include Life Science, Physical Science, Environment, Medicine, and others. Contributing bloggers are culled from a wide array of scientific disciplines and write about a range of topics that they find most interesting. Greg Laden's popular entries, for instance, can be found under Life Science one week, Physical Science the next, and Environment the week after that, depending on the topic he tackles. Some of Laden's writings have examined the history of neuroscience, dark energy, and even Einstein's Theory of General Relativity. Educators are sure to find much to enliven their lesson plans within this excellent, variegated, &quot;digital science salon.&quot;  [--SAMPLE RECORD--]</Description>
        <Url>https://scienceblogs.com/</Url>
        <Publisher>Science 2.0</Publisher>
        <Classification>Science -- Blogs</Classification>
        <ResourceType>Text</ResourceType>
        <ResourceType>Collection</ResourceType>
        <Format>html</Format>
        <Language>English</Language>
        <Source>Best of the Scout Report 2016 (May 27, 2016)</Source>
        <Screenshot>
            <image>
                <file>data/images/ScienceBlogs.jpg</file>
                <alttext></alttext>
            </image>
        </Screenshot>
    </Resource>
    <Resource>
        <Title>MoEML: The Map of Early Modern London</Title>
        <Description>MoEML, the Map of Early Modern London, uses modern technology to recombine and present centuries-old data in new ways. Based on the Agas Map, a woodblock-printed 16th-17th century bird's-eye view of London, MoEML encompasses four separate related projects: a digital edition of the Agas Map; an Encyclopedia and Descriptive Gazetteer of London people, places, topics, and terms; a Library of digital texts, marked up in TEI, an XML format for text encoding; and a digital edition of the 1598 text of John Stow's &lt;i&gt;A Survey of London&lt;/i&gt;.   [--SAMPLE RECORD--]</Description>
        <Url>https://mapoflondon.uvic.ca</Url>
        <Publisher>University of Victoria (B.C.)</Publisher>
        <Classification>London (England) -- Historical geography -- Maps</Classification>
        <ResourceType>Collection</ResourceType>
        <ResourceType>InteractiveResource</ResourceType>
        <Format>html</Format>
        <Language>English</Language>
        <Source>Best of the Scout Report 2016 (May 27, 2016)</Source>
        <Screenshot>
            <image>
                <file>data/images/MoEML_The_Map_of_Early_Modern_London.jpg</file>
                <alttext></alttext>
            </image>
        </Screenshot>
    </Resource>
    <Resource>
        <Title>Histography: Timeline of History</Title>
        <Description>Histography stands as a shining example of the exciting ways that web technology can make learning fun. Originally created as Matan Stauber's final project at the Bezalel Academy of Arts and Design, the editorial stories and interactive timeline take readers into historical events that span an epic time frame, from the Big Bang to just a few months ago. Drawing from Wikipedia's seemingly infinite stash of entries, Histography self-updates daily so that readers never miss out on new interpretations of old events, or on the new events that are shaping the world today. The display is reminiscent of a sound wave; entries are ordered chronologically from left to right, increasing in quantity around certain pivotal points in history. Hovering over each black dot reveals the corresponding Wiki Page, Related Events, and even Video clips when available, while resizing the scale at the bottom of the timeline expands or narrows the focus, sharing entries that cover decades, centuries, and even millennia. Thematic timelines have also been created for certain topics, such as Literature, Music, Wars, Politics, Women's Rights, and others. From the fall of the Kanem Empire (in 1387) to the composition of the first blues song (in 1912), educators and the general reader alike will find much on the site to engage and intellectually enliven conversations of all kinds.  [--SAMPLE RECORD--]</Description>
        <Url>http://histography.io</Url>
        <Creator>Stauber, Matan</Creator>
        <Publisher>Histography</Publisher>
        <Classification>Chronology, Historical -- Charts, diagrams, etc.</Classification>
        <ResourceType>InteractiveResource</ResourceType>
        <Format>html</Format>
        <Format>Java</Format>
        <Language>English</Language>
        <Source>Best of the Scout Report 2016 (May 27, 2016)</Source>
        <Screenshot>
            <image>
                <file>data/images/Histography_Timeline_of_History.jpg</file>
                <alttext></alttext>
            </image>
        </Screenshot>
    </Resource>
    <Resource>
        <Title>Free Code Camp</Title>
        <Description>Completing Free Code Camp is no easy task. In fact, students log over 1,600 coding hours by the time they complete all the classes, tasks, and projects that the site employs. The upswing, however, can be significant, as the site promises that committed users will: learn full stack JavaScript; build a portfolio of real apps that real people are using; and, hopefully, get a coding job. Users begin by taking 200 hours of online lessons. Next, they log 200 hours of JavaScript Algorithm practice, then work on 200 hours of front end web development, followed by 200 hours of full stack web development practice. Camp is then rounded out by 800 hours of real-world web development work for participating non-profits. Along the way, users connect with other &quot;campers,&quot; and learn applicable skills. An email address or social media account (e.g. Facebook, Twitter, etc.) is needed to create an account, but the site is well-organized, user-friendly, and, best of all, free.  [--SAMPLE RECORD--]</Description>
        <Url>https://www.freecodecamp.org/</Url>
        <Publisher>freeCodeCamp</Publisher>
        <Classification>Web site development</Classification>
        <ResourceType>InteractiveResource</ResourceType>
        <Format>html</Format>
        <Language>English</Language>
        <Source>Best of the Scout Report 2016 (May 27, 2016)</Source>
        <Screenshot>
            <image>
                <file>data/images/Free_Code_Camp.jpg</file>
                <alttext></alttext>
            </image>
        </Screenshot>
    </Resource>
    <Resource>
        <Title>Birds-of-Paradise Project</Title>
        <Description>The birds-of-paradise have enthralled Western science for centuries, ever since Ferdinand Magellan's crew encountered them in the sixteenth century. Yet, as the Birds-of-Paradise Project reveals, new discoveries are continually being made about the habitat and behavior of these spectacular birds. Their brilliant colors and extravagant courtship displays provide amazing examples of two evolutionary forces at work: sexual selection through female choice and geographic isolation. With funding from the Cornell Lab of Ornithology, the National Geographic Expeditions Council, and Conservation International, Evolutionary Biologist Ed Scholes and Wildlife Photojournalist Tim Laman have spent years capturing images and videos that shed light on this species of bird found only in New Guinea, some nearby islands, and parts of eastern Australia. From analyzing the dance steps of the Parotias to documenting their quest to film and photograph all 39 species of bird-of-paradise, this site features numerous engaging visual resources and tools. Readers may also be happy to note that the Project's sound and video recordings have all been scientifically archived and can be found within the Cornell Lab of Ornithology's Macaulay Library.  [--SAMPLE RECORD--]</Description>
        <Url>http://birdsofparadiseproject.org</Url>
        <Creator>Laman, Tim</Creator>
        <Creator>Scholes, Edwin</Creator>
        <Publisher>Cornell University. Laboratory of Ornithology</Publisher>
        <Classification>Ornithology -- Information resources</Classification>
        <DateIssued>2019</DateIssued>
        <ResourceType>Collection</ResourceType>
        <ResourceType>InteractiveResource</ResourceType>
        <ResourceType>MovingImage</ResourceType>
        <ResourceType>Sound</ResourceType>
        <ResourceType>Text</ResourceType>
        <ResourceType>Image</ResourceType>
        <Format>html</Format>
        <Format>html5</Format>
        <Language>English</Language>
        <Source>Best of the Scout Report 2016 (May 27, 2016)</Source>
        <Screenshot>
            <image>
                <file>data/images/Birds_of_Paradise_Project.jpg</file>
                <alttext></alttext>
            </image>
        </Screenshot>
    </Resource>
    <Resource>
        <Title>Plants of the World Online</Title>
        <Description>With over 250 years of gathered knowledge, the Royal Botanic Gardens, Kew is one of the world's leaders in the field of botany. One of Kew's initiatives is Plants of the World Online (POWO). Launched in March 2017, POWO is a digital portal with an aim to &quot;enable users to access information on all the world's known seed-bearing plants by 2020.&quot; Visitors to this project will find a well-designed, searchable database containing (at the time of this write-up) over 1.1 million plant names from around the world, more than 65,000 detailed descriptions, and nearly 200,000 images. Readers can search POWO by a plant's common, species, genus, or family name, and they can also search by descriptive words, such as colors. This ongoing project launched with an initial focus on &quot;key tropical African Floras - Flora Zambesiaca, Flora of West Tropical Africa and Flora of Tropical East Africa specifically,&quot; with plans to have global coverage by 2020 as more of Kew's vast collections are digitized over time. POWO is led by Abigail Barker, Kew's Head of Biodiversity Informatics and Spatial Analysis.  [--SAMPLE RECORD--]</Description>
        <Url>http://www.plantsoftheworldonline.org/</Url>
        <Publisher>Royal Botanic Gardens, Kew. Board of Trustees</Publisher>
        <Classification>Plants -- Databases</Classification>
        <ResourceType>Dataset</ResourceType>
        <ResourceType>InteractiveResource</ResourceType>
        <Format>html</Format>
        <Language>English</Language>
        <Source>The Scout Report: Volume 25, Number 22 (May 31, 2019)</Source>
        <Screenshot>
            <image>
                <file>data/images/Plants_of_the_World_Online.jpg</file>
                <alttext></alttext>
            </image>
        </Screenshot>
    </Resource>
    <Resource>
        <Title>Sans Forgetica</Title>
        <Description>Students and learners who use typewritten notes may want to check out Sans Forgetica, a free &quot;downloadable font that is scientifically designed to help you remember your study notes.&quot; Released in October 2018, Sans Forgetica was developed using a theory of cognitive psychology known as &quot;desirable difficulty&quot; to be just a little more difficult to read, the idea being that this &quot;prompts your brain to engage in deeper processing.&quot; This font was created by an interdisciplinary team of psychology and design researchers (including the famous typographer Stephen Banham) at RMIT University in Melbourne, Australia. Here, visitors can see a demonstration of the font and watch three short videos explaining the science behind it and how it was made. Sans Forgetica can be downloaded as an OpenType font file for both Mac and PC computers, and a Chrome extension to convert in-browser text to Sans Forgetica is also available.  [--SAMPLE RECORD--]</Description>
        <Url>https://sansforgetica.rmit.edu.au</Url>
        <Publisher>RMIT University</Publisher>
        <Classification>Computer fonts</Classification>
        <ResourceType>Software</ResourceType>
        <Format>html</Format>
        <Format>otf</Format>
        <Language>English</Language>
        <Source>The Scout Report: Volume 25, Number 22 (May 31, 2019)</Source>
        <Screenshot>
            <image>
                <file>data/images/Sans_Forgetica.jpg</file>
                <alttext></alttext>
            </image>
        </Screenshot>
    </Resource>
    <Resource>
        <Title>The Opportunity Atlas</Title>
        <Description>Launched in October 2018, the Opportunity Atlas answers the question &quot;Which neighborhoods in America offer children the best chance to rise out of poverty?&quot; by using &quot;anonymous data following 20 million Americans from childhood to their mid-30s.&quot; The result is a fascinating map showing the average adulthood outcomes of people born between 1978-1983, according to the census tract where they grew up. Visitors can explore the map by zooming into a particular place and selecting the outcome (e.g. household income) and demographics (e.g. parent income) they are interested in. They can also view several interactive stories (identified on the map by a book icon) that provide a tour through some of the insights the Opportunity Atlas offers. The Opportunity Atlas has several features that may be of interest to researchers and educators, including the ability to download raw data, save or link to specific map views, compare two different demographics, and import and overlay your own data. This resource provides tutorials, user guides, and detailed explanations of their methodology. The Opportunity Atlas is a collaboration between researchers at the US Census Bureau and Opportunity Insights (formerly the Equality of Opportunity Project), a research and policy group at Harvard University.  [--SAMPLE RECORD--]</Description>
        <Url>https://www.opportunityatlas.org/</Url>
        <Publisher>Opportunity Atlas</Publisher>
        <Classification>United States -- Population</Classification>
        <Classification>Poverty -- United States -- Statistics</Classification>
        <ResourceType>Dataset</ResourceType>
        <ResourceType>InteractiveResource</ResourceType>
        <Format>html</Format>
        <Language>English</Language>
        <Source>The Scout Report: Volume 25, Number 22 (May 31, 2019)</Source>
        <Screenshot>
            <image>
                <file>data/images/Opportunity_Atlas.jpg</file>
                <alttext></alttext>
            </image>
        </Screenshot>
    </Resource>
    <Resource>
        <Title>Beautiful News Daily</Title>
        <Description>Many of us strive to stay well-informed of local and international events, but sometimes the news can be stressful or discouraging. To help counterbalance this, the data visualization website Information is Beautiful embarked on the project, Beautiful News Daily. As its name implies, this project offers its visitors &quot;a collection of good news, positive trends, uplifting statistics and facts, all beautifully visualized.&quot; New graphics were posted each day over the course of the project's one-year lifespan, which aimed &quot;to move our attention beyond dramatic news headlines to the slow developments and quiet trends that go unseen, uncelebrated.&quot; Readers can browse all of the Beautiful News items on the project's main page, and they can also filter them by category. Each item's page includes a brief summary, and below readers will find links to view the data in spreadsheet form and to see the source that inspired the chart, as well as a link to a relevant organization for those who would like to get involved. All of the images created for Beautiful New Daily are covered by a Creative Commons license and can be used and shared freely. Information is Beautiful was founded by David McCandless, a London-based writer, designer, and artist.  [--SAMPLE RECORD--]</Description>
        <Url>https://informationisbeautiful.net/beautifulnews/</Url>
        <Publisher>Information is Beautiful</Publisher>
        <Classification>Press -- Charts, diagrams, etc.</Classification>
        <ResourceType>Collection</ResourceType>
        <ResourceType>Dataset</ResourceType>
        <ResourceType>Image</ResourceType>
        <Format>html</Format>
        <Language>English</Language>
        <Source>The Scout Report: Volume 26, Number 20 (May 29, 2020)</Source>
        <Screenshot>
            <image>
                <file>data/images/Beautiful_News_Daily.jpg</file>
                <alttext></alttext>
            </image>
        </Screenshot>
    </Resource>
    <Resource>
        <Title>Disability Visibility Project</Title>
        <Description>Founded in 2014 by disability rights activist Alice Wong, a medical sociologist by training, the Disability Visibility Project is &quot;a community partnership with StoryCorps and an online community dedicated to creating, sharing, and amplifying disability media and culture.&quot; Visitors to this project will find excerpts from dozens of oral history interviews discussing different aspects of the lives and everyday experiences of people with disabilities. These interviews are organized alphabetically by the interviewees' last name and each includes a text transcript. Most of the interviews were recorded between 2014 and 2016, though a few have been added since then. This project also includes numerous blog posts and essays exploring issues such as stereotypes and representation in entertainment media, as well as written interviews with authors, artists, and activists who are active in the disability community. Additionally, the Disability Visibility Project has a podcast hosted by Alice Wong with more than 75 episodes available as of this write-up.  [--SAMPLE RECORD--]</Description>
        <Url>https://disabilityvisibilityproject.com</Url>
        <Creator>Wong, Alice, 1974-</Creator>
        <Publisher>Disability Visibility Project</Publisher>
        <Classification>People with disabilities -- Interviews</Classification>
        <ResourceType>Collection</ResourceType>
        <ResourceType>InteractiveResource</ResourceType>
        <Format>html</Format>
        <Format>mp3</Format>
        <Language>English</Language>
        <Source>The Scout Report: Volume 26, Number 20 (May 29, 2020)</Source>
        <Screenshot>
            <image>
                <file>data/images/Disability_Visibility_Project.jpg</file>
                <alttext></alttext>
            </image>
        </Screenshot>
    </Resource>
    <Resource>
        <Title>Medieval England and France, 700-1200</Title>
        <Description>Thanks to a collaborative project conducted by the British Library and the Bibliotheque nationale de France (BnF) from 2016-2018, a trove of 800 medieval illuminated manuscripts have been digitized and made available for public viewing. For this project, the British Library and the BnF each selected 400 of their respective collections' most historically and culturally significant manuscripts for digitization. Here, the British Library has created a resource (available in both English and French) to &quot;highlight a selection of the project's manuscripts within their historical and cultural context.&quot; Readers can explore this curated selection of approximately 100 manuscripts by themes such as art and illumination; history and learning; or science and nature. Visitors will also find 30 enlightening articles written to help viewers understand the context and meaning of these beautiful manuscripts, several videos about how the manuscripts were made, and a helpful glossary of terms relating to medieval art and culture. For those interested in viewing all 800 manuscripts, the British Library also included a link to the project's main website with the full collection. This joint digitization project was funded by the Polonsky Foundation, a UK-based charity that &quot;primarily supports cultural heritage and research.&quot;  [--SAMPLE RECORD--]</Description>
        <Url>https://www.bl.uk/medieval-english-french-manuscripts</Url>
        <Publisher>British Library</Publisher>
        <Classification>Illumination of books and manuscripts, Medieval -- Exhibitions</Classification>
        <ResourceType>Collection</ResourceType>
        <ResourceType>StillImage</ResourceType>
        <ResourceType>Text</ResourceType>
        <Format>html</Format>
        <Language>English</Language>
        <Source>The Scout Report: Volume 26, Number 20 (May 29, 2020)</Source>
        <Screenshot>
            <image>
                <file>data/images/Medieval_England_and_France_700-1200.jpg</file>
                <alttext></alttext>
            </image>
        </Screenshot>
    </Resource>
    <Resource>
        <Title>Musicmap</Title>
        <Description>Launched in 2016, Musicmap is a fascinating interactive visualization of music history that &quot;attempts to provide the ultimate genealogy of popular music genres,&quot; including the relationships and influences between genres. Visitors to Musicmap will find a colorful infographic designed to resemble a city skyline, with each &quot;building&quot; color-coded and labeled as a different musical &quot;super-genre.&quot; Clicking a building brings up a synopsis of its genre with a list of subgenres at the bottom; for example, the Country block leads to subgenres ranging from Classic Country/Hillbilly to Nashville/Countrypolitan to Americana/Alternative Country. Users can then click a subgenre to read a short description and find a playlist of examples linked to embedded YouTube videos. Returning to the main map, visitors can also zoom in (using the buttons in the lower right corner) to see an intricate genealogy of the connections between subgenres, denoted by solid and dotted white lines. In addition, Musicmap includes a helpful menu on the left side, containing detailed information about its background and intentions, explanatory guides, and a glossary of musical terms. Musicmap is the brainchild and passion project of music enthusiast Kwinten Crauwels, who by day is an architect in Belgium, with the assistance of his brother Dries Crauwels, a web developer.  [--SAMPLE RECORD--]</Description>
        <Url>https://www.musicmap.info</Url>
        <Creator>Crauwels, Kwinten</Creator>
        <Publisher>Musicmap</Publisher>
        <Classification>Music -- History</Classification>
        <ResourceType>InteractiveResource</ResourceType>
        <Format>html</Format>
        <Language>English</Language>
        <Source>The Scout Report: Volume 26, Number 20 (May 29, 2020)</Source>
        <Screenshot>
            <image>
                <file>data/images/Musicmap.jpg</file>
                <alttext></alttext>
            </image>
        </Screenshot>
    </Resource>
    <Resource>
        <Title>Open Textbook Library</Title>
        <Description>The University of Minnesota's Open Textbook Library provides educators, students, and lifelong learners an excellent resource for finding high-quality digital textbooks. Here, visitors will find a large collection of openly-licensed textbooks that can be downloaded for free as PDF or e-book files. The books come from multiple authors and publishing organizations, and cover a wide range of academic areas, including the humanities, natural and social sciences, and mathematics, as well as medicine and law. For visitors curious about the effectiveness of a particular volume, many of the books in the Open Textbook Library also include detailed reviews written by faculty and instructors. In addition to reviews, the landing page for each textbook typically shows its table of contents, a brief description of the book and of its intended audience, and information about its authors, so that readers can better decide whether they should download it. The Open Textbook Library is maintained and supported by the Open Textbook Network and the Center for Open Education, which are also based at the University of Minnesota.  [--SAMPLE RECORD--]</Description>
        <Url>https://open.umn.edu/opentextbooks</Url>
        <Publisher>University of Minnesota</Publisher>
        <Classification>Textbooks -- Databases</Classification>
        <ResourceType>Collection</ResourceType>
        <ResourceType>Text</ResourceType>
        <Format>html</Format>
        <Language>English</Language>
        <Source>The Scout Report: Volume 26, Number 20 (May 29, 2020)</Source>
        <Screenshot>
            <image>
                <file>data/images/Open_Textbook_Library.jpg</file>
                <alttext></alttext>
            </image>
        </Screenshot>
    </Resource>
    <Resource>
        <Title>PBS Learning Media: Mathematics</Title>
        <Description>Math educators at many levels (as well as parents and students) may appreciate this extensive collection of teaching and learning resources provided by PBS LearningMedia. Here, readers will find thousands of videos, lesson plans, interactive features, and more, covering a wide range of mathematics topics. Shortcuts to several broad math subjects (for example, high school algebra and geometry) are prominently highlighted on the collection's main page, and visitors can easily filter the collection by grade level and resource type, with resources ranging from pre-K through high school and beyond. For example, filtering for fourth grade returns (as of this write-up) more than 400 videos, nearly 130 interactives, over 50 lesson plans, and much more. The search results display a short description of each resource as well as the grade levels it best suits, making it easy to scan for content that fits particular needs. Most resources also include a list of the educational standards with which they align. In addition to the Mathematics collection's filters, the search bar at the top enables visitors to explore the entire PBS LearningMedia site by keyword for resources on a specific topic as well.  [--SAMPLE RECORD--]</Description>
        <Url>https://wisconsin.pbslearningmedia.org/subjects/mathematics/</Url>
        <Publisher>Public Broadcasting Service (U.S.)</Publisher>
        <Publisher>WGBH Educational Foundation</Publisher>
        <Classification>Mathematics -- Study and teaching</Classification>
        <ResourceType>Collection</ResourceType>
        <ResourceType>MovingImage</ResourceType>
        <ResourceType>InteractiveResource</ResourceType>
        <ResourceType>Text</ResourceType>
        <Format>html</Format>
        <Format>html5</Format>
        <Language>English</Language>
        <Source>The Scout Report: Volume 26, Number 20 (May 29, 2020)</Source>
        <Screenshot>
            <image>
                <file>data/images/PBS_Learning_Media_Mathematics.jpg</file>
                <alttext></alttext>
            </image>
        </Screenshot>
    </Resource>
    <Resource>
        <Title>Plateau People's Web Portal</Title>
        <Description>Readers interested in Native American cultures, particularly tribes in the Pacific Northwest, should pay the Plateau People's Web Portal a visit. This project is a collaboration between eight different tribes, including the Schitsu'umsh (Coeur d'Alene), the Umatilla, and the Yakama. Here, readers will find &quot;a gateway to Plateau peoples' cultural materials held in multiple repositories,&quot; such as the Northwest Museum of Art and Culture and the Smithsonian Institution's National Museum of the American Indian. What makes this project unique is that the digital materials visitors will find here are curated, annotated, and managed by tribal representatives in accordance with each tribes' specific cultural protocols. This rich, multifaceted collection contains hundreds of images as well as historical documents and audio and video recordings. Visitors can Browse these materials by tribe, category, or collection, and they can also filter the results by multiple fields. The Plateau People's Web Portal is built on the Mukurtu platform and is supported by the National Endowment for the Humanities and the American Council for Learned Societies, among others.  [--SAMPLE RECORD--]</Description>
        <Url>https://plateauportal.libraries.wsu.edu</Url>
        <Publisher>Washington State University</Publisher>
        <Classification>Indians of North America -- Archives</Classification>
        <ResourceType>Collection</ResourceType>
        <Format>html</Format>
        <Language>English</Language>
        <Source>The Scout Report: Volume 26, Number 20 (May 29, 2020)</Source>
        <Screenshot>
            <image>
                <file>data/images/Plateau_Peoples_Web_Portal.jpg</file>
                <alttext></alttext>
            </image>
        </Screenshot>
    </Resource>
    <Resource>
        <Title>Refugee Flow</Title>
        <Description>Refugee Flow is an interactive data visualization project that &quot;examines one of the direct fundamental causes of the global refugee crisis, the collapse of order and stability in today's international landscape.&quot; On the main screen, featuring a striking 3D globe, visitors can explore the locations and fatality counts of armed conflicts worldwide for the years 2010-2018, with the ability to filter by region and quarter. This screen also provides a graph of total asylum applications from the region and year being viewed. Under the project's Route tab, visitors will find mapped representations of migrants' causes of death and injury along regional migration routes, accompanied by text and graphs summarizing each region's refugee situation, country-specific information on illegal border crossings, and links to data sources. This project integrates data from multiple sources, including the UNHCR Population Statistics Database and Armed Conflict Location &amp; Event Data, to visualize &quot;the impact conflict, persecution, and violence has on the lives of persons in their home countries and communities.&quot; Launched in July 2018, Refugee Flow was co-created by Will Su, a data visualization designer and coder, and Abin Abraham, a Web Development Coordinator at the United Nations Global Compact.  [--SAMPLE RECORD--]</Description>
        <Url>http://refugeeflow.world/landing</Url>
        <Creator>Abraham, Abin</Creator>
        <Creator>Su, Will</Creator>
        <Publisher>Refugee Flow</Publisher>
        <Classification>Refugees -- Interactive multimedia</Classification>
        <Classification>Emigration and immigration -- Interactive multimedia</Classification>
        <ResourceType>InteractiveResource</ResourceType>
        <ResourceType>Dataset</ResourceType>
        <Format>html</Format>
        <Language>English</Language>
        <Source>The Scout Report: Volume 26, Number 20 (May 29, 2020)</Source>
        <Screenshot>
            <image>
                <file>data/images/Refugee_Flow.jpg</file>
                <alttext></alttext>
            </image>
        </Screenshot>
    </Resource>
    <Resource>
        <Title>Standard Ebooks</Title>
        <Description>While free public domain books can be readily downloaded from resources like Project Gutenberg and the Internet Archive, those wishing to read these finds on an e-reader or mobile device may be somewhat frustrated by their formatting or mistakes in transcription. This sentiment is the inspiration behind Standard Ebooks, &quot;a volunteer driven, not-for-profit effort to produce a collection of high quality, carefully formatted, accessible, open source, and free public domain ebooks that meet or exceed the quality of commercially produced ebooks.&quot; Some of the ways Standard Ebooks strives to improve their source material include proofreading and correcting typos and ephemera, editing the typography and design for consistency, and updating the formatting to meet current e-book best practices such as tables of contents and popup footnotes. As of this write-up, more than 300 titles are available, including L.M. Montgomery's &lt;i&gt;Anne of Green Gables&lt;/i&gt;, Booker T. Washington's &lt;i&gt;Up from Slavery&lt;/i&gt;, and P.G. Wodehouse's &lt;i&gt;Jeeves Stories&lt;/i&gt;. Visitors can browse Standard Ebooks' full library in order of newest additions, author name, reading ease, or length (using the &quot;Sort by&quot; filter at the bottom of the page to adjust browsing selections), and each e-book is available in four different file formats. Those interested in participating in this project should visit the Get Involved section to learn how.  [--SAMPLE RECORD--]</Description>
        <Url>https://standardebooks.org</Url>
        <Publisher>Standard Ebooks</Publisher>
        <Classification>Electronic books -- Databases</Classification>
        <ResourceType>Text</ResourceType>
        <ResourceType>Collection</ResourceType>
        <Format>html</Format>
        <Language>English</Language>
        <Source>The Scout Report: Volume 26, Number 20 (May 29, 2020)</Source>
        <Screenshot>
            <image>
                <file>data/images/Standard_Ebooks.jpg</file>
                <alttext></alttext>
            </image>
        </Screenshot>
    </Resource>
    <Resource>
        <Title>Weather Spark</Title>
        <Description>Travelers of both the armchair and in-person varieties, as well as weather enthusiasts, may appreciate Weather Spark, a wonderful website that offers detailed summaries of &quot;the typical weather anywhere on Earth.&quot; From the home page, readers are invited to enter a location in the search bar or to choose among major cities such as Hong Kong and Chicago, and they can also search via an interactive map (linked below the city list) or view a randomly selected place. Each location in Weather Spark's database has a vast amount of information concisely presented through colorful graphics and text descriptions, including average temperatures, humidity, solar energy, and much more, with reports available for a yearly, monthly, or daily timeframe. Visitors can also compare the average weather for multiple locations simultaneously. Made with a global user base in mind, Weather Spark allows visitors to display temperatures in Fahrenheit or Celsius and can be viewed in eight languages in addition to English. The reports provided here are primarily &quot;based on a statistical analysis of historical hourly weather reports and model reconstructions from January 1, 1980 to December 31, 2016,&quot; and links to their other data sources are included. Weather Spark is the creation of Cedar Lake Ventures, a small company based in the Minneapolis area.  [--SAMPLE RECORD--]</Description>
        <Url>https://weatherspark.com</Url>
        <Publisher>Cedar Lake Ventures, Inc.</Publisher>
        <Classification>Weather -- Databases</Classification>
        <ResourceType>Collection</ResourceType>
        <ResourceType>Dataset</ResourceType>
        <Format>html</Format>
        <Language>Chinese</Language>
        <Language>English</Language>
        <Language>French</Language>
        <Language>German</Language>
        <Language>Hindi</Language>
        <Language>Indonesian</Language>
        <Language>Italian</Language>
        <Language>Japanese</Language>
        <Language>Korean</Language>
        <Language>Portuguese</Language>
        <Language>Spanish</Language>
        <Language>Turkish</Language>
        <Source>The Scout Report: Volume 26, Number 20 (May 29, 2020)</Source>
        <Screenshot>
            <image>
                <file>data/images/Weather_Spark.jpg</file>
                <alttext></alttext>
            </image>
        </Screenshot>
    </Resource>
</ResourceCollection>
